URL,Domain,Anchor
https://dev.oprocon.de/en/search/machinery?group=Education,dev.oprocon.de,Education
https://dev.oprocon.de/en/search/machinery?group=education&category=self+paced+training,dev.oprocon.de,Self Paced Training
https://dev.oprocon.de/en/search/machinery?group=education&category=mentoring,dev.oprocon.de,Mentoring
https://dev.oprocon.de/en/search/machinery?group=education&category=on+the+job+training,dev.oprocon.de,On the Job Training
https://dev.oprocon.de/en/search/machinery?group=education&category=university%2Fclassroom,dev.oprocon.de,University/Classroom
https://dev.oprocon.de/en/search/machinery?group=education&category=university%2Felearning,dev.oprocon.de,University/eLearning
https://dev.oprocon.de/en/search/machinery?group=education&category=webinar,dev.oprocon.de,Webinar
https://dev.oprocon.de/en/search/machinery?group=education&category=train+the+trainer,dev.oprocon.de,Train the Trainer
https://dev.oprocon.de/en/search/machinery?group=education&category=one+on+one+training,dev.oprocon.de,One on One Training
https://dev.oprocon.de/en/search/machinery?group=Human+Resource,dev.oprocon.de,Human Resource
https://dev.oprocon.de/en/search/machinery?group=human+resource&category=hiring,dev.oprocon.de,Hiring
https://dev.oprocon.de/en/search/machinery?group=human+resource&category=talent+management,dev.oprocon.de,Talent Management
https://dev.oprocon.de/en/search/machinery?group=human+resource&category=payment+systems,dev.oprocon.de,Payment Systems
https://dev.oprocon.de/en/search/machinery?group=human+resource&category=employment+law+regulations,dev.oprocon.de,Employment Law regulations
https://dev.oprocon.de/en/search/machinery?group=human+resource&category=employee+motivation,dev.oprocon.de,Employee Motivation
https://dev.oprocon.de/en/search/machinery?group=human+resource&category=wage+accounting,dev.oprocon.de,Wage accounting
https://dev.oprocon.de/en/search/machinery?group=human+resource&category=self+paced+training,dev.oprocon.de,Self Paced Training
https://dev.oprocon.de/en/search/machinery?group=Communicationn,dev.oprocon.de,Communicationn
https://dev.oprocon.de/en/search/machinery?group=communicationn&category=public+relations,dev.oprocon.de,Public Relations
https://dev.oprocon.de/en/search/machinery?group=communicationn&category=internal+communication,dev.oprocon.de,Internal Communication
https://dev.oprocon.de/en/search/machinery?group=communicationn&category=employee+information,dev.oprocon.de,Employee Information
https://dev.oprocon.de/en/search/machinery?group=communicationn&category=translation+service,dev.oprocon.de,Translation Service
https://dev.oprocon.de/en/search/machinery?group=Creativity+Technique,dev.oprocon.de,Creativity Technique
https://dev.oprocon.de/en/search/machinery?group=creativity+technique&category=problem+definition,dev.oprocon.de,Problem Definition
https://dev.oprocon.de/en/search/machinery?group=creativity+technique&category=idea+generation,dev.oprocon.de,Idea Generation
https://dev.oprocon.de/en/search/machinery?group=creativity+technique&category=idea+selection,dev.oprocon.de,Idea Selection
https://dev.oprocon.de/en/search/machinery?group=creativity+technique&category=idea+implementation,dev.oprocon.de,Idea Implementation
https://dev.oprocon.de/en/search/machinery?group=Operations,dev.oprocon.de,Operations
https://dev.oprocon.de/en/search/machinery?group=operations&category=production+planning,dev.oprocon.de,Production Planning
https://dev.oprocon.de/en/search/machinery?group=operations&category=sequencing,dev.oprocon.de,Sequencing
https://dev.oprocon.de/en/search/machinery?group=operations&category=production,dev.oprocon.de,Production
https://dev.oprocon.de/en/search/machinery?group=operations&category=know+how+management,dev.oprocon.de,Know How Management
https://dev.oprocon.de/en/search/machinery?group=operations&category=employee+recognition,dev.oprocon.de,Employee Recognition
https://dev.oprocon.de/en/search/machinery?group=operations&category=autonomous+workgroups,dev.oprocon.de,Autonomous Workgroups
https://dev.oprocon.de/en/search/machinery?group=Supply+Chain,dev.oprocon.de,Supply Chain
https://dev.oprocon.de/en/search/machinery?group=supply+chain&category=supply+chain+management,dev.oprocon.de,Supply Chain Management
https://dev.oprocon.de/en/search/machinery?group=supply+chain&category=purchasing,dev.oprocon.de,Purchasing
https://dev.oprocon.de/en/search/machinery?group=supply+chain&category=warehouse,dev.oprocon.de,Warehouse
https://dev.oprocon.de/en/search/machinery?group=supply+chain&category=distribution,dev.oprocon.de,Distribution
https://dev.oprocon.de/en/search/machinery?group=Industrial+Engineering,dev.oprocon.de,Industrial Engineering
https://dev.oprocon.de/en/search/machinery?group=industrial+engineering&category=factory+layout,dev.oprocon.de,Factory Layout
https://dev.oprocon.de/en/search/machinery?group=industrial+engineering&category=time+and+motion+studies,dev.oprocon.de,Time and Motion Studies
https://dev.oprocon.de/en/search/machinery?group=industrial+engineering&category=material+flow,dev.oprocon.de,Material Flow
https://dev.oprocon.de/en/search/machinery?group=industrial+engineering&category=headcount,dev.oprocon.de,Headcount
https://dev.oprocon.de/en/search/machinery?group=industrial+engineering&category=incentive+systems,dev.oprocon.de,Incentive Systems
https://dev.oprocon.de/en/search/machinery?group=industrial+engineering&category=shift+systems,dev.oprocon.de,Shift Systems
https://dev.oprocon.de/en/search/machinery?group=industrial+engineering&category=continous+improvement,dev.oprocon.de,Continous Improvement
https://dev.oprocon.de/en/search/machinery?group=industrial+engineering&category=pdca,dev.oprocon.de,PDCA
https://dev.oprocon.de/en/search/machinery?group=industrial+engineering&category=idea+management,dev.oprocon.de,Idea Management
https://dev.oprocon.de/en/search/machinery?group=industrial+engineering&category=work+in+process+%28wip%29,dev.oprocon.de,Work in Process (WIP)
https://dev.oprocon.de/en/search/machinery?group=industrial+engineering&category=key+performance+indicator+%28kpi%29,dev.oprocon.de,Key Performance Indicator (KPI)
https://dev.oprocon.de/en/search/machinery?group=industrial+engineering&category=method+development,dev.oprocon.de,Method Development
https://dev.oprocon.de/en/search/machinery?group=industrial+engineering&category=factory+simulation,dev.oprocon.de,Factory Simulation
https://dev.oprocon.de/en/search/machinery?group=industrial+engineering&category=computer+aided+manufacturing+%28cam%29,dev.oprocon.de,Computer Aided Manufacturing (CAM)
https://dev.oprocon.de/en/search/machinery?group=industrial+engineering&category=job+design,dev.oprocon.de,Job Design
https://dev.oprocon.de/en/search/machinery?group=Lean+Management,dev.oprocon.de,Lean Management
https://dev.oprocon.de/en/search/machinery?group=lean+management&category=value+stream+map,dev.oprocon.de,Value Stream Map
https://dev.oprocon.de/en/search/machinery?group=lean+management&category=5s,dev.oprocon.de,5s
https://dev.oprocon.de/en/search/machinery?group=lean+management&category=7+wastes,dev.oprocon.de,7 Wastes
https://dev.oprocon.de/en/search/machinery?group=lean+management&category=kaizen,dev.oprocon.de,Kaizen
https://dev.oprocon.de/en/search/machinery?group=lean+management&category=kanban,dev.oprocon.de,Kanban
https://dev.oprocon.de/en/search/machinery?group=lean+management&category=poka+yoke,dev.oprocon.de,Poka Yoke
https://dev.oprocon.de/en/search/machinery?group=lean+management&category=smed,dev.oprocon.de,SMED
https://dev.oprocon.de/en/search/machinery?group=lean+management&category=workflow+optimization,dev.oprocon.de,Workflow Optimization
https://dev.oprocon.de/en/search/machinery?group=lean+management&category=office+process+flow+optimization,dev.oprocon.de,Office Process Flow Optimization
https://dev.oprocon.de/en/search/machinery?group=lean+management&category=production+process+flow+optimization,dev.oprocon.de,Production Process Flow Optimization
https://dev.oprocon.de/en/search/machinery?group=lean+management&category=pdca%2Fa3%2F8d,dev.oprocon.de,PDCA/A3/8D
https://dev.oprocon.de/en/search/machinery?group=Knowledge+Management,dev.oprocon.de,Knowledge Management
https://dev.oprocon.de/en/search/machinery?group=knowledge+management&category=know+how+management,dev.oprocon.de,Know How Management
https://dev.oprocon.de/en/search/machinery?group=knowledge+management&category=knowledge+database,dev.oprocon.de,Knowledge Database
https://dev.oprocon.de/en/search/machinery?group=knowledge+management&category=know+how+documentation,dev.oprocon.de,Know How Documentation
https://dev.oprocon.de/en/search/machinery?group=knowledge+management&category=process+documentation,dev.oprocon.de,Process Documentation
https://dev.oprocon.de/en/search/machinery?group=knowledge+management&category=collaboration,dev.oprocon.de,Collaboration
https://dev.oprocon.de/en/search/machinery?group=knowledge+management&category=best+practice,dev.oprocon.de,Best Practice
https://dev.oprocon.de/en/search/machinery?group=knowledge+management&category=knowledge+mapping,dev.oprocon.de,Knowledge Mapping
https://dev.oprocon.de/en/search/machinery?group=Quality+Management,dev.oprocon.de,Quality Management
https://dev.oprocon.de/en/search/machinery?group=quality+management&category=six+sigma,dev.oprocon.de,Six Sigma
https://dev.oprocon.de/en/search/machinery?group=quality+management&category=iso+9000ff,dev.oprocon.de,ISO 9000ff
https://dev.oprocon.de/en/search/machinery?group=quality+management&category=ts+16949,dev.oprocon.de,TS 16949
https://dev.oprocon.de/en/search/machinery?group=quality+management&category=vda,dev.oprocon.de,VDA
https://dev.oprocon.de/en/search/machinery?group=quality+management&category=qs+9000,dev.oprocon.de,QS 9000
https://dev.oprocon.de/en/search/machinery?group=quality+management&category=eaqf,dev.oprocon.de,EAQF
https://dev.oprocon.de/en/search/machinery?group=quality+management&category=avsq,dev.oprocon.de,AVSQ
https://dev.oprocon.de/en/search/machinery?group=quality+management&category=iso+22000,dev.oprocon.de,ISO 22000
https://dev.oprocon.de/en/search/machinery?group=quality+management&category=haccp,dev.oprocon.de,HACCP
https://dev.oprocon.de/en/search/machinery?group=quality+management&category=problem+solving,dev.oprocon.de,Problem Solving
https://dev.oprocon.de/en/search/machinery?group=quality+management&category=quality+statistics,dev.oprocon.de,Quality Statistics
https://dev.oprocon.de/en/search/machinery?group=quality+management&category=statistic+process+control+%28spc%29,dev.oprocon.de,Statistic Process Control (SPC)
https://dev.oprocon.de/en/search/machinery?group=quality+management&category=capability+studies,dev.oprocon.de,Capability Studies
https://dev.oprocon.de/en/search/machinery?group=quality+management&category=total+quality+management+%28tqm%29,dev.oprocon.de,Total Quality Management (TQM)
https://dev.oprocon.de/en/search/machinery?group=quality+management&category=quality+function+deployment+%28qfd%29,dev.oprocon.de,Quality Function Deployment (QFD)
https://dev.oprocon.de/en/search/machinery?group=quality+management&category=quality+circle,dev.oprocon.de,Quality Circle
https://dev.oprocon.de/en/search/machinery?group=quality+management&category=taguchi,dev.oprocon.de,Taguchi
https://dev.oprocon.de/en/search/machinery?group=quality+management&category=kansei+engineering,dev.oprocon.de,Kansei Engineering
https://dev.oprocon.de/en/search/machinery?group=quality+management&category=business+process+reegineering+%28bpr%29,dev.oprocon.de,Business Process Reegineering (BPR)
https://dev.oprocon.de/en/search/machinery?group=quality+management&category=object+oriented+quality+and+risk+management+%28oqrm%29,dev.oprocon.de,Object Oriented Quality and Risk Management (OQRM)
https://dev.oprocon.de/en/search/machinery?group=quality+management&category=quality+tools,dev.oprocon.de,Quality Tools
https://dev.oprocon.de/en/search/machinery?group=quality+management&category=fmea,dev.oprocon.de,FMEA
https://dev.oprocon.de/en/search/machinery?group=quality+management&category=apqp,dev.oprocon.de,APQP
https://dev.oprocon.de/en/search/machinery?group=quality+management&category=ppap,dev.oprocon.de,PPAP
https://dev.oprocon.de/en/search/machinery?group=quality+management&category=document+management,dev.oprocon.de,Document Management
https://dev.oprocon.de/en/search/machinery?group=Project+Management,dev.oprocon.de,Project Management
https://dev.oprocon.de/en/search/machinery?group=project+management&category=project+management,dev.oprocon.de,Project Management
https://dev.oprocon.de/en/search/machinery?group=Logistics,dev.oprocon.de,Logistics
https://dev.oprocon.de/en/search/machinery?group=logistics&category=logistics,dev.oprocon.de,Logistics
https://dev.oprocon.de/en/search/machinery?group=Marketing,dev.oprocon.de,Marketing
https://dev.oprocon.de/en/search/machinery?group=marketing&category=market+analysis,dev.oprocon.de,Market Analysis
https://dev.oprocon.de/en/search/machinery?group=marketing&category=brand+management,dev.oprocon.de,Brand Management
https://dev.oprocon.de/en/search/machinery?group=marketing&category=market+research,dev.oprocon.de,Market Research
https://dev.oprocon.de/en/search/machinery?group=marketing&category=pricing,dev.oprocon.de,Pricing
https://dev.oprocon.de/en/search/machinery?group=marketing&category=promotion,dev.oprocon.de,Promotion
https://dev.oprocon.de/en/search/machinery?group=marketing&category=sales,dev.oprocon.de,Sales
https://dev.oprocon.de/en/search/machinery?group=marketing&category=after+sales+service,dev.oprocon.de,After Sales Service
https://dev.oprocon.de/en/search/machinery?group=marketing&category=e-commerce,dev.oprocon.de,E-Commerce
https://dev.oprocon.de/en/search/machinery?group=marketing&category=distribution,dev.oprocon.de,Distribution
https://dev.oprocon.de/en/search/machinery?group=marketing&category=consumer+theory,dev.oprocon.de,Consumer Theory
https://dev.oprocon.de/en/search/machinery?group=marketing&category=economics,dev.oprocon.de,Economics
https://dev.oprocon.de/en/search/machinery?group=marketing&category=advertising,dev.oprocon.de,Advertising
https://dev.oprocon.de/en/search/machinery?group=Lawyer,dev.oprocon.de,Lawyer
https://dev.oprocon.de/en/search/machinery?group=lawyer&category=patent+rights,dev.oprocon.de,Patent rights
https://dev.oprocon.de/en/search/machinery?group=lawyer&category=start+up,dev.oprocon.de,Start up
https://dev.oprocon.de/en/search/machinery?group=lawyer&category=employer+obligations,dev.oprocon.de,Employer Obligations
https://dev.oprocon.de/en/search/machinery?group=lawyer&category=employee+rights,dev.oprocon.de,Employee Rights
https://dev.oprocon.de/en/search/machinery?group=Engineering,dev.oprocon.de,Engineering
https://dev.oprocon.de/en/search/machinery?group=engineering&category=maintenance,dev.oprocon.de,Maintenance
https://dev.oprocon.de/en/search/machinery?group=engineering&category=machine+procurement,dev.oprocon.de,Machine procurement
https://dev.oprocon.de/en/search/machinery?group=engineering&category=project+management,dev.oprocon.de,Project Management
https://dev.oprocon.de/en/search/machinery?group=engineering&category=machine+development,dev.oprocon.de,Machine Development
https://dev.oprocon.de/en/search/machinery?group=engineering&category=automation+technologies,dev.oprocon.de,Automation Technologies
https://dev.oprocon.de/en/search/machinery?group=engineering&category=transport+systems,dev.oprocon.de,Transport Systems
https://dev.oprocon.de/en/search/machinery?group=engineering&category=technical+documentation,dev.oprocon.de,Technical Documentation
https://dev.oprocon.de/en/search/machinery?group=Research+%26+Development,dev.oprocon.de,Research & Development
https://dev.oprocon.de/en/search/machinery?group=research+%26+development&category=material+research,dev.oprocon.de,Material Research
https://dev.oprocon.de/en/search/machinery?group=research+%26+development&category=process+research,dev.oprocon.de,Process Research
https://dev.oprocon.de/en/search/machinery?group=research+%26+development&category=material+development,dev.oprocon.de,Material Development
https://dev.oprocon.de/en/search/machinery?group=research+%26+development&category=process+development,dev.oprocon.de,Process Development
https://dev.oprocon.de/en/search/machinery?group=research+%26+development&category=machine+development,dev.oprocon.de,Machine Development
https://dev.oprocon.de/en/search/machinery?group=research+%26+development&category=method+development,dev.oprocon.de,Method Development
https://dev.oprocon.de/en/search/machinery?group=research+%26+development&category=software+development,dev.oprocon.de,Software Development
https://dev.oprocon.de/en/search/machinery?group=Executive+Management,dev.oprocon.de,Executive Management
https://dev.oprocon.de/en/search/machinery?group=executive+management&category=business+development,dev.oprocon.de,Business Development
https://dev.oprocon.de/en/search/machinery?group=executive+management&category=business+excellence,dev.oprocon.de,Business Excellence
https://dev.oprocon.de/en/search/machinery?group=executive+management&category=organization+development,dev.oprocon.de,Organization Development
https://dev.oprocon.de/en/search/machinery?group=executive+management&category=vision%2Fmission+development,dev.oprocon.de,Vision/Mission Development
https://dev.oprocon.de/en/search/machinery?group=executive+management&category=balanced+scorecard,dev.oprocon.de,Balanced Scorecard
https://dev.oprocon.de/en/search/machinery?group=executive+management&category=decission+making,dev.oprocon.de,Decission Making
https://dev.oprocon.de/en/search/machinery?group=executive+management&category=enterprise+organization,dev.oprocon.de,Enterprise Organization
https://dev.oprocon.de/en/search/machinery?group=Finance,dev.oprocon.de,Finance
https://dev.oprocon.de/en/search/machinery?group=finance&category=accounting,dev.oprocon.de,Accounting
https://dev.oprocon.de/en/search/machinery?group=finance&category=controlling,dev.oprocon.de,Controlling
https://dev.oprocon.de/en/search/machinery?group=finance&category=treasury,dev.oprocon.de,Treasury
https://dev.oprocon.de/en/search/machinery?group=finance&category=insurance,dev.oprocon.de,Insurance
https://dev.oprocon.de/en/search/machinery?group=finance&category=tax,dev.oprocon.de,Tax
https://dev.oprocon.de/en/search/machinery?group=Coaching,dev.oprocon.de,Coaching
https://dev.oprocon.de/en/search/machinery?group=coaching&category=business+coaching,dev.oprocon.de,Business Coaching
https://dev.oprocon.de/en/search/machinery?group=coaching&category=executive+coaching,dev.oprocon.de,Executive Coaching
https://dev.oprocon.de/en/search/machinery?group=coaching&category=control+theory,dev.oprocon.de,Control Theory
https://dev.oprocon.de/en/search/machinery?group=coaching&category=expat+coaching,dev.oprocon.de,Expat Coaching
https://dev.oprocon.de/en/search/machinery?group=coaching&category=career+coaching,dev.oprocon.de,Career Coaching
https://dev.oprocon.de/en/search/machinery?group=coaching&category=financial+coaching,dev.oprocon.de,Financial Coaching
https://dev.oprocon.de/en/search/machinery?group=coaching&category=career+coaching,dev.oprocon.de,Career Coaching
https://dev.oprocon.de/en/search/machinery?group=coaching&category=personal+coaching,dev.oprocon.de,Personal Coaching
https://dev.oprocon.de/en/search/machinery?group=coaching&category=style+coaching,dev.oprocon.de,Style Coaching
https://dev.oprocon.de/en/search/machinery?group=coaching&category=systemic+coaching,dev.oprocon.de,Systemic Coaching
https://dev.oprocon.de/en/search/machinery?group=Environment+Safety+Health,dev.oprocon.de,Environment Safety Health
https://dev.oprocon.de/en/search/machinery?group=environment+safety+health&category=energy+saving,dev.oprocon.de,Energy Saving
https://dev.oprocon.de/en/search/machinery?group=environment+safety+health&category=work+condition,dev.oprocon.de,Work Condition
https://dev.oprocon.de/en/search/machinery?group=environment+safety+health&category=enviromental+protection,dev.oprocon.de,Enviromental Protection
https://dev.oprocon.de/en/search/machinery?group=environment+safety+health&category=environmental+certification,dev.oprocon.de,Environmental Certification
https://dev.oprocon.de/en/search/machinery?group=environment+safety+health&category=work+ergonomics,dev.oprocon.de,Work Ergonomics
https://dev.oprocon.de/en/search/machinery?group=environment+safety+health&category=safety,dev.oprocon.de,Safety
https://dev.oprocon.de/en/search/machinery?group=Information+Technology,dev.oprocon.de,Information Technology
https://dev.oprocon.de/en/search/machinery?group=information+technology&category=sap,dev.oprocon.de,SAP
https://dev.oprocon.de/en/search/machinery?group=information+technology&category=erp,dev.oprocon.de,ERP
https://dev.oprocon.de/en/search/machinery?group=information+technology&category=scada,dev.oprocon.de,SCADA
https://dev.oprocon.de/en/search/machinery?group=information+technology&category=opc,dev.oprocon.de,OPC
https://dev.oprocon.de/en/search/machinery?group=information+technology&category=controls+%26+drives,dev.oprocon.de,Controls & Drives
https://dev.oprocon.de/en/search/machinery?group=information+technology&category=software,dev.oprocon.de,Software
https://dev.oprocon.de/en/search/machinery?group=information+technology&category=it+infrastructure,dev.oprocon.de,IT Infrastructure
https://dev.oprocon.de/en/search/machinery?group=Other,dev.oprocon.de,Other
https://dev.oprocon.de/en/search/machinery?group=other&category=conveying+systems,dev.oprocon.de,Conveying systems
